{"../doc/debug/sdk/init.data":["../doc/debug/sdk/init.data"],"../flutter_assets/anim/feed_like.json":["../flutter_assets/anim/feed_like.json"],"../flutter_assets/anim/guide_slide_up.json":["../flutter_assets/anim/guide_slide_up.json"],"../flutter_assets/anim/loading.json":["../flutter_assets/anim/loading.json"],"../flutter_assets/anim/radar_scan_new.json":["../flutter_assets/anim/radar_scan_new.json"],"../flutter_assets/anim/voice_feed_play.json":["../flutter_assets/anim/voice_feed_play.json"],"../flutter_assets/anim/voice_sign_empty.json":["../flutter_assets/anim/voice_sign_empty.json"],"../flutter_assets/anim/voice_sign_guest_play.json":["../flutter_assets/anim/voice_sign_guest_play.json"],"../flutter_assets/assets/fb_player.html":["../flutter_assets/assets/fb_player.html"],"../flutter_assets/assets/youtube_player.html":["../flutter_assets/assets/youtube_player.html"],"../flutter_assets/conf/android_sdk.version":["../flutter_assets/conf/android_sdk.version"],"../flutter_assets/conf/iOS_sdk.version":["../flutter_assets/conf/iOS_sdk.version"],"../flutter_assets/images/normal/anim_radar_scan_0.png":["../flutter_assets/images/normal/anim_radar_scan_0.png"],"../flutter_assets/images/normal/anim_radar_scan_1.png":["../flutter_assets/images/normal/anim_radar_scan_1.png"],"../flutter_assets/images/normal/anim_radar_scan_2.png":["../flutter_assets/images/normal/anim_radar_scan_2.png"],"../flutter_assets/images/normal/bg_dialogbox.webp":["../flutter_assets/images/normal/bg_dialogbox.webp"],"../flutter_assets/images/normal/bg_dialogbox_bottom_bg.webp":["../flutter_assets/images/normal/bg_dialogbox_bottom_bg.webp"],"../flutter_assets/images/normal/bg_fb_login.webp":["../flutter_assets/images/normal/bg_fb_login.webp"],"../flutter_assets/images/normal/bg_google_login.webp":["../flutter_assets/images/normal/bg_google_login.webp"],"../flutter_assets/images/normal/bg_ins_login.webp":["../flutter_assets/images/normal/bg_ins_login.webp"],"../flutter_assets/images/normal/bg_text_feed.webp":["../flutter_assets/images/normal/bg_text_feed.webp"],"../flutter_assets/images/normal/bg_twitch_login.webp":["../flutter_assets/images/normal/bg_twitch_login.webp"],"../flutter_assets/images/normal/bg_vk_login.webp":["../flutter_assets/images/normal/bg_vk_login.webp"],"../flutter_assets/images/normal/bubble_bg_horizontal.webp":["../flutter_assets/images/normal/bubble_bg_horizontal.webp"],"../flutter_assets/images/normal/bubble_bg_vertical.webp":["../flutter_assets/images/normal/bubble_bg_vertical.webp"],"../flutter_assets/images/normal/button_selected.png":["../flutter_assets/images/normal/button_selected.png"],"../flutter_assets/images/normal/cb_nor.png":["../flutter_assets/images/normal/cb_nor.png"],"../flutter_assets/images/normal/cb_select.png":["../flutter_assets/images/normal/cb_select.png"],"../flutter_assets/images/normal/channel_winner.png":["../flutter_assets/images/normal/channel_winner.png"],"../flutter_assets/images/normal/chat_room_input_bg.png":["../flutter_assets/images/normal/chat_room_input_bg.png"],"../flutter_assets/images/normal/chat_room_tab_selected_bg.png":["../flutter_assets/images/normal/chat_room_tab_selected_bg.png"],"../flutter_assets/images/normal/club_owner.png":["../flutter_assets/images/normal/club_owner.png"],"../flutter_assets/images/normal/club_owner_mul.png":["../flutter_assets/images/normal/club_owner_mul.png"],"../flutter_assets/images/normal/club_status_live.png":["../flutter_assets/images/normal/club_status_live.png"],"../flutter_assets/images/normal/club_visit_guide.webp":["../flutter_assets/images/normal/club_visit_guide.webp"],"../flutter_assets/images/normal/common_page_bg.webp":["../flutter_assets/images/normal/common_page_bg.webp"],"../flutter_assets/images/normal/def_avatar.png":["../flutter_assets/images/normal/def_avatar.png"],"../flutter_assets/images/normal/empty.webp":["../flutter_assets/images/normal/empty.webp"],"../flutter_assets/images/normal/esport_calendar_bg.webp":["../flutter_assets/images/normal/esport_calendar_bg.webp"],"../flutter_assets/images/normal/esport_feed_bg.webp":["../flutter_assets/images/normal/esport_feed_bg.webp"],"../flutter_assets/images/normal/esport_item_bg.webp":["../flutter_assets/images/normal/esport_item_bg.webp"],"../flutter_assets/images/normal/feeds_item_bg.webp":["../flutter_assets/images/normal/feeds_item_bg.webp"],"../flutter_assets/images/normal/feeds_publish_bg.webp":["../flutter_assets/images/normal/feeds_publish_bg.webp"],"../flutter_assets/images/normal/filter_down.png":["../flutter_assets/images/normal/filter_down.png"],"../flutter_assets/images/normal/filter_up.png":["../flutter_assets/images/normal/filter_up.png"],"../flutter_assets/images/normal/friend_trend.webp":["../flutter_assets/images/normal/friend_trend.webp"],"../flutter_assets/images/normal/home_tab_sel.png":["../flutter_assets/images/normal/home_tab_sel.png"],"../flutter_assets/images/normal/hot_feed.webp":["../flutter_assets/images/normal/hot_feed.webp"],"../flutter_assets/images/normal/ic_btn_disable.png":["../flutter_assets/images/normal/ic_btn_disable.png"],"../flutter_assets/images/normal/ic_btn_main.png":["../flutter_assets/images/normal/ic_btn_main.png"],"../flutter_assets/images/normal/ic_btn_minor.png":["../flutter_assets/images/normal/ic_btn_minor.png"],"../flutter_assets/images/normal/ic_clan_member.png":["../flutter_assets/images/normal/ic_clan_member.png"],"../flutter_assets/images/normal/ic_clan_member_mul.png":["../flutter_assets/images/normal/ic_clan_member_mul.png"],"../flutter_assets/images/normal/ic_comment_by_club_owner.png":["../flutter_assets/images/normal/ic_comment_by_club_owner.png"],"../flutter_assets/images/normal/ic_completed.png":["../flutter_assets/images/normal/ic_completed.png"],"../flutter_assets/images/normal/ic_discord.png":["../flutter_assets/images/normal/ic_discord.png"],"../flutter_assets/images/normal/ic_empty_tips_bg.png":["../flutter_assets/images/normal/ic_empty_tips_bg.png"],"../flutter_assets/images/normal/ic_facebook.png":["../flutter_assets/images/normal/ic_facebook.png"],"../flutter_assets/images/normal/ic_facebook_grey.png":["../flutter_assets/images/normal/ic_facebook_grey.png"],"../flutter_assets/images/normal/ic_feeling.png":["../flutter_assets/images/normal/ic_feeling.png"],"../flutter_assets/images/normal/ic_feeling_add.png":["../flutter_assets/images/normal/ic_feeling_add.png"],"../flutter_assets/images/normal/ic_friend.png":["../flutter_assets/images/normal/ic_friend.png"],"../flutter_assets/images/normal/ic_friend.webp":["../flutter_assets/images/normal/ic_friend.webp"],"../flutter_assets/images/normal/ic_friend_mul.png":["../flutter_assets/images/normal/ic_friend_mul.png"],"../flutter_assets/images/normal/ic_gift.png":["../flutter_assets/images/normal/ic_gift.png"],"../flutter_assets/images/normal/ic_home.webp":["../flutter_assets/images/normal/ic_home.webp"],"../flutter_assets/images/normal/ic_homepage_portrait_bg.png":["../flutter_assets/images/normal/ic_homepage_portrait_bg.png"],"../flutter_assets/images/normal/ic_hot_feed.webp":["../flutter_assets/images/normal/ic_hot_feed.webp"],"../flutter_assets/images/normal/ic_instagram.png":["../flutter_assets/images/normal/ic_instagram.png"],"../flutter_assets/images/normal/ic_instagram_gray.png":["../flutter_assets/images/normal/ic_instagram_gray.png"],"../flutter_assets/images/normal/ic_instagram_grey.png":["../flutter_assets/images/normal/ic_instagram_grey.png"],"../flutter_assets/images/normal/ic_like_by_club_owner.png":["../flutter_assets/images/normal/ic_like_by_club_owner.png"],"../flutter_assets/images/normal/ic_live.png":["../flutter_assets/images/normal/ic_live.png"],"../flutter_assets/images/normal/ic_loc.webp":["../flutter_assets/images/normal/ic_loc.webp"],"../flutter_assets/images/normal/ic_main_setting_follow_update_reminder.png":["../flutter_assets/images/normal/ic_main_setting_follow_update_reminder.png"],"../flutter_assets/images/normal/ic_main_setting_interactive_msg_reminder.png":["../flutter_assets/images/normal/ic_main_setting_interactive_msg_reminder.png"],"../flutter_assets/images/normal/ic_radar_big.png":["../flutter_assets/images/normal/ic_radar_big.png"],"../flutter_assets/images/normal/ic_radar_list_item_bg.png":["../flutter_assets/images/normal/ic_radar_list_item_bg.png"],"../flutter_assets/images/normal/ic_radar_list_item_left_bg.png":["../flutter_assets/images/normal/ic_radar_list_item_left_bg.png"],"../flutter_assets/images/normal/ic_radar_makefriends.png":["../flutter_assets/images/normal/ic_radar_makefriends.png"],"../flutter_assets/images/normal/ic_radar_personalhomepage.png":["../flutter_assets/images/normal/ic_radar_personalhomepage.png"],"../flutter_assets/images/normal/ic_radio_switch_off.png":["../flutter_assets/images/normal/ic_radio_switch_off.png"],"../flutter_assets/images/normal/ic_radio_switch_on.png":["../flutter_assets/images/normal/ic_radio_switch_on.png"],"../flutter_assets/images/normal/ic_registered.png":["../flutter_assets/images/normal/ic_registered.png"],"../flutter_assets/images/normal/ic_status_completed.png":["../flutter_assets/images/normal/ic_status_completed.png"],"../flutter_assets/images/normal/ic_status_doing.png":["../flutter_assets/images/normal/ic_status_doing.png"],"../flutter_assets/images/normal/ic_switch_off.png":["../flutter_assets/images/normal/ic_switch_off.png"],"../flutter_assets/images/normal/ic_switch_on.png":["../flutter_assets/images/normal/ic_switch_on.png"],"../flutter_assets/images/normal/ic_topic_default.png":["../flutter_assets/images/normal/ic_topic_default.png"],"../flutter_assets/images/normal/ic_tournament_tab.webp":["../flutter_assets/images/normal/ic_tournament_tab.webp"],"../flutter_assets/images/normal/ic_twitch.png":["../flutter_assets/images/normal/ic_twitch.png"],"../flutter_assets/images/normal/ic_twitch_grey.png":["../flutter_assets/images/normal/ic_twitch_grey.png"],"../flutter_assets/images/normal/ic_twitter.png":["../flutter_assets/images/normal/ic_twitter.png"],"../flutter_assets/images/normal/ic_user_cert.png":["../flutter_assets/images/normal/ic_user_cert.png"],"../flutter_assets/images/normal/ic_user_cert_mul.png":["../flutter_assets/images/normal/ic_user_cert_mul.png"],"../flutter_assets/images/normal/ic_vk.png":["../flutter_assets/images/normal/ic_vk.png"],"../flutter_assets/images/normal/ic_vote_item_left_1.png":["../flutter_assets/images/normal/ic_vote_item_left_1.png"],"../flutter_assets/images/normal/ic_vote_item_left_2.png":["../flutter_assets/images/normal/ic_vote_item_left_2.png"],"../flutter_assets/images/normal/ic_vote_item_left_3.png":["../flutter_assets/images/normal/ic_vote_item_left_3.png"],"../flutter_assets/images/normal/ic_vote_item_right_1.png":["../flutter_assets/images/normal/ic_vote_item_right_1.png"],"../flutter_assets/images/normal/ic_vote_item_right_2.png":["../flutter_assets/images/normal/ic_vote_item_right_2.png"],"../flutter_assets/images/normal/ic_vote_item_right_3.png":["../flutter_assets/images/normal/ic_vote_item_right_3.png"],"../flutter_assets/images/normal/ic_youtube.png":["../flutter_assets/images/normal/ic_youtube.png"],"../flutter_assets/images/normal/ic_youtube_grey.png":["../flutter_assets/images/normal/ic_youtube_grey.png"],"../flutter_assets/images/normal/icon_top.png":["../flutter_assets/images/normal/icon_top.png"],"../flutter_assets/images/normal/invite_bg.png":["../flutter_assets/images/normal/invite_bg.png"],"../flutter_assets/images/normal/left_panel_bg.webp":["../flutter_assets/images/normal/left_panel_bg.webp"],"../flutter_assets/images/normal/logo_b.png":["../flutter_assets/images/normal/logo_b.png"],"../flutter_assets/images/normal/logo_e.png":["../flutter_assets/images/normal/logo_e.png"],"../flutter_assets/images/normal/logo_g.png":["../flutter_assets/images/normal/logo_g.png"],"../flutter_assets/images/normal/logo_i.png":["../flutter_assets/images/normal/logo_i.png"],"../flutter_assets/images/normal/logo_l.png":["../flutter_assets/images/normal/logo_l.png"],"../flutter_assets/images/normal/logo_m.png":["../flutter_assets/images/normal/logo_m.png"],"../flutter_assets/images/normal/logo_o.png":["../flutter_assets/images/normal/logo_o.png"],"../flutter_assets/images/normal/logo_p.png":["../flutter_assets/images/normal/logo_p.png"],"../flutter_assets/images/normal/logo_u.png":["../flutter_assets/images/normal/logo_u.png"],"../flutter_assets/images/normal/main_btn.png":["../flutter_assets/images/normal/main_btn.png"],"../flutter_assets/images/normal/menu_l_bg.webp":["../flutter_assets/images/normal/menu_l_bg.webp"],"../flutter_assets/images/normal/menu_m_bg.webp":["../flutter_assets/images/normal/menu_m_bg.webp"],"../flutter_assets/images/normal/menu_r_bg.webp":["../flutter_assets/images/normal/menu_r_bg.webp"],"../flutter_assets/images/normal/op.png":["../flutter_assets/images/normal/op.png"],"../flutter_assets/images/normal/op_like.png":["../flutter_assets/images/normal/op_like.png"],"../flutter_assets/images/normal/pg_modal.png":["../flutter_assets/images/normal/pg_modal.png"],"../flutter_assets/images/normal/placeholder.png":["../flutter_assets/images/normal/placeholder.png"],"../flutter_assets/images/normal/placeholder_small.webp":["../flutter_assets/images/normal/placeholder_small.webp"],"../flutter_assets/images/normal/question.png":["../flutter_assets/images/normal/question.png"],"../flutter_assets/images/normal/reco_club_cover.webp":["../flutter_assets/images/normal/reco_club_cover.webp"],"../flutter_assets/images/normal/room_item_bg.webp":["../flutter_assets/images/normal/room_item_bg.webp"],"../flutter_assets/images/normal/social_default.png":["../flutter_assets/images/normal/social_default.png"],"../flutter_assets/images/normal/tab_selected.webp":["../flutter_assets/images/normal/tab_selected.webp"],"../flutter_assets/images/normal/thumbnail_discord.png":["../flutter_assets/images/normal/thumbnail_discord.png"],"../flutter_assets/images/normal/thumbnail_fb.png":["../flutter_assets/images/normal/thumbnail_fb.png"],"../flutter_assets/images/normal/thumbnail_instagram.png":["../flutter_assets/images/normal/thumbnail_instagram.png"],"../flutter_assets/images/normal/thumbnail_link.png":["../flutter_assets/images/normal/thumbnail_link.png"],"../flutter_assets/images/normal/thumbnail_twitter.png":["../flutter_assets/images/normal/thumbnail_twitter.png"],"../flutter_assets/images/normal/thumbnail_youtube.png":["../flutter_assets/images/normal/thumbnail_youtube.png"],"../flutter_assets/images/normal/title_bg.webp":["../flutter_assets/images/normal/title_bg.webp"],"../flutter_assets/images/normal/voice_default.webp":["../flutter_assets/images/normal/voice_default.webp"],"../flutter_assets/images/normal/voice_delete.webp":["../flutter_assets/images/normal/voice_delete.webp"],"../flutter_assets/images/normal/voice_pause.webp":["../flutter_assets/images/normal/voice_pause.webp"],"../flutter_assets/images/normal/voice_play.webp":["../flutter_assets/images/normal/voice_play.webp"],"../flutter_assets/images/normal/voice_record_again.webp":["../flutter_assets/images/normal/voice_record_again.webp"],"../flutter_assets/images/normal/voice_save.webp":["../flutter_assets/images/normal/voice_save.webp"],"../flutter_assets/images/normal/voice_stop.webp":["../flutter_assets/images/normal/voice_stop.webp"],"../flutter_assets/images/svg/arrow_right_theme.svg":["../flutter_assets/images/svg/arrow_right_theme.svg"],"../flutter_assets/images/svg/bubble_bg.svg":["../flutter_assets/images/svg/bubble_bg.svg"],"../flutter_assets/images/svg/club_joined_guide_line.svg":["../flutter_assets/images/svg/club_joined_guide_line.svg"],"../flutter_assets/images/svg/club_lang.svg":["../flutter_assets/images/svg/club_lang.svg"],"../flutter_assets/images/svg/club_online.svg":["../flutter_assets/images/svg/club_online.svg"],"../flutter_assets/images/svg/esport_calendar.svg":["../flutter_assets/images/svg/esport_calendar.svg"],"../flutter_assets/images/svg/esport_calendar_bg.svg":["../flutter_assets/images/svg/esport_calendar_bg.svg"],"../flutter_assets/images/svg/esport_card_bg.svg":["../flutter_assets/images/svg/esport_card_bg.svg"],"../flutter_assets/images/svg/esport_hot.svg":["../flutter_assets/images/svg/esport_hot.svg"],"../flutter_assets/images/svg/esport_indicator_nor.svg":["../flutter_assets/images/svg/esport_indicator_nor.svg"],"../flutter_assets/images/svg/esport_indicator_sel.svg":["../flutter_assets/images/svg/esport_indicator_sel.svg"],"../flutter_assets/images/svg/esport_replay.svg":["../flutter_assets/images/svg/esport_replay.svg"],"../flutter_assets/images/svg/esport_subscribe.svg":["../flutter_assets/images/svg/esport_subscribe.svg"],"../flutter_assets/images/svg/esport_subscribed.svg":["../flutter_assets/images/svg/esport_subscribed.svg"],"../flutter_assets/images/svg/esport_time_bg.svg":["../flutter_assets/images/svg/esport_time_bg.svg"],"../flutter_assets/images/svg/ic_add.svg":["../flutter_assets/images/svg/ic_add.svg"],"../flutter_assets/images/svg/ic_add_1.svg":["../flutter_assets/images/svg/ic_add_1.svg"],"../flutter_assets/images/svg/ic_add_friend.svg":["../flutter_assets/images/svg/ic_add_friend.svg"],"../flutter_assets/images/svg/ic_add_friend_overlay.svg":["../flutter_assets/images/svg/ic_add_friend_overlay.svg"],"../flutter_assets/images/svg/ic_add_publish_feed_light.svg":["../flutter_assets/images/svg/ic_add_publish_feed_light.svg"],"../flutter_assets/images/svg/ic_announce_remind.svg":["../flutter_assets/images/svg/ic_announce_remind.svg"],"../flutter_assets/images/svg/ic_arrow.svg":["../flutter_assets/images/svg/ic_arrow.svg"],"../flutter_assets/images/svg/ic_arrow_down.svg":["../flutter_assets/images/svg/ic_arrow_down.svg"],"../flutter_assets/images/svg/ic_arrow_left.svg":["../flutter_assets/images/svg/ic_arrow_left.svg"],"../flutter_assets/images/svg/ic_arrow_mood.svg":["../flutter_assets/images/svg/ic_arrow_mood.svg"],"../flutter_assets/images/svg/ic_arrow_right.svg":["../flutter_assets/images/svg/ic_arrow_right.svg"],"../flutter_assets/images/svg/ic_arrow_right_black.svg":["../flutter_assets/images/svg/ic_arrow_right_black.svg"],"../flutter_assets/images/svg/ic_back.svg":["../flutter_assets/images/svg/ic_back.svg"],"../flutter_assets/images/svg/ic_beigin.svg":["../flutter_assets/images/svg/ic_beigin.svg"],"../flutter_assets/images/svg/ic_calendar.svg":["../flutter_assets/images/svg/ic_calendar.svg"],"../flutter_assets/images/svg/ic_chat.svg":["../flutter_assets/images/svg/ic_chat.svg"],"../flutter_assets/images/svg/ic_chat_room.svg":["../flutter_assets/images/svg/ic_chat_room.svg"],"../flutter_assets/images/svg/ic_close_light.svg":["../flutter_assets/images/svg/ic_close_light.svg"],"../flutter_assets/images/svg/ic_close_light_nav.svg":["../flutter_assets/images/svg/ic_close_light_nav.svg"],"../flutter_assets/images/svg/ic_close_portrait.svg":["../flutter_assets/images/svg/ic_close_portrait.svg"],"../flutter_assets/images/svg/ic_club.svg":["../flutter_assets/images/svg/ic_club.svg"],"../flutter_assets/images/svg/ic_club_add_photo.svg":["../flutter_assets/images/svg/ic_club_add_photo.svg"],"../flutter_assets/images/svg/ic_club_admin.svg":["../flutter_assets/images/svg/ic_club_admin.svg"],"../flutter_assets/images/svg/ic_club_creator.svg":["../flutter_assets/images/svg/ic_club_creator.svg"],"../flutter_assets/images/svg/ic_club_invite.svg":["../flutter_assets/images/svg/ic_club_invite.svg"],"../flutter_assets/images/svg/ic_club_mem.svg":["../flutter_assets/images/svg/ic_club_mem.svg"],"../flutter_assets/images/svg/ic_comment.svg":["../flutter_assets/images/svg/ic_comment.svg"],"../flutter_assets/images/svg/ic_commit.svg":["../flutter_assets/images/svg/ic_commit.svg"],"../flutter_assets/images/svg/ic_confirm.svg":["../flutter_assets/images/svg/ic_confirm.svg"],"../flutter_assets/images/svg/ic_copy.svg":["../flutter_assets/images/svg/ic_copy.svg"],"../flutter_assets/images/svg/ic_delete.svg":["../flutter_assets/images/svg/ic_delete.svg"],"../flutter_assets/images/svg/ic_dialog_close.svg":["../flutter_assets/images/svg/ic_dialog_close.svg"],"../flutter_assets/images/svg/ic_dialog_div.svg":["../flutter_assets/images/svg/ic_dialog_div.svg"],"../flutter_assets/images/svg/ic_disband_club.svg":["../flutter_assets/images/svg/ic_disband_club.svg"],"../flutter_assets/images/svg/ic_double_arrow_down.svg":["../flutter_assets/images/svg/ic_double_arrow_down.svg"],"../flutter_assets/images/svg/ic_double_arrow_up.svg":["../flutter_assets/images/svg/ic_double_arrow_up.svg"],"../flutter_assets/images/svg/ic_download.svg":["../flutter_assets/images/svg/ic_download.svg"],"../flutter_assets/images/svg/ic_dropdown.svg":["../flutter_assets/images/svg/ic_dropdown.svg"],"../flutter_assets/images/svg/ic_dropdown_up.svg":["../flutter_assets/images/svg/ic_dropdown_up.svg"],"../flutter_assets/images/svg/ic_edit.svg":["../flutter_assets/images/svg/ic_edit.svg"],"../flutter_assets/images/svg/ic_emoji.svg":["../flutter_assets/images/svg/ic_emoji.svg"],"../flutter_assets/images/svg/ic_emoji_on.svg":["../flutter_assets/images/svg/ic_emoji_on.svg"],"../flutter_assets/images/svg/ic_faq.svg":["../flutter_assets/images/svg/ic_faq.svg"],"../flutter_assets/images/svg/ic_feed_draft.svg":["../flutter_assets/images/svg/ic_feed_draft.svg"],"../flutter_assets/images/svg/ic_feed_draft_delete.svg":["../flutter_assets/images/svg/ic_feed_draft_delete.svg"],"../flutter_assets/images/svg/ic_feed_draft_edit.svg":["../flutter_assets/images/svg/ic_feed_draft_edit.svg"],"../flutter_assets/images/svg/ic_feed_draft_portrait.svg":["../flutter_assets/images/svg/ic_feed_draft_portrait.svg"],"../flutter_assets/images/svg/ic_feed_media.svg":["../flutter_assets/images/svg/ic_feed_media.svg"],"../flutter_assets/images/svg/ic_feed_publish_topic_refresh.svg":["../flutter_assets/images/svg/ic_feed_publish_topic_refresh.svg"],"../flutter_assets/images/svg/ic_feed_textstory.svg":["../flutter_assets/images/svg/ic_feed_textstory.svg"],"../flutter_assets/images/svg/ic_feed_topic.svg":["../flutter_assets/images/svg/ic_feed_topic.svg"],"../flutter_assets/images/svg/ic_feeds_publish_add_photo.svg":["../flutter_assets/images/svg/ic_feeds_publish_add_photo.svg"],"../flutter_assets/images/svg/ic_friend_trend.svg":["../flutter_assets/images/svg/ic_friend_trend.svg"],"../flutter_assets/images/svg/ic_groupchat.svg":["../flutter_assets/images/svg/ic_groupchat.svg"],"../flutter_assets/images/svg/ic_hand.svg":["../flutter_assets/images/svg/ic_hand.svg"],"../flutter_assets/images/svg/ic_heart.svg":["../flutter_assets/images/svg/ic_heart.svg"],"../flutter_assets/images/svg/ic_hide_logo.svg":["../flutter_assets/images/svg/ic_hide_logo.svg"],"../flutter_assets/images/svg/ic_homepage_protrait_add_album.svg":["../flutter_assets/images/svg/ic_homepage_protrait_add_album.svg"],"../flutter_assets/images/svg/ic_homepage_protrait_like_bg.svg":["../flutter_assets/images/svg/ic_homepage_protrait_like_bg.svg"],"../flutter_assets/images/svg/ic_homepage_protrait_like_thumb.svg":["../flutter_assets/images/svg/ic_homepage_protrait_like_thumb.svg"],"../flutter_assets/images/svg/ic_invite.svg":["../flutter_assets/images/svg/ic_invite.svg"],"../flutter_assets/images/svg/ic_join_in.svg":["../flutter_assets/images/svg/ic_join_in.svg"],"../flutter_assets/images/svg/ic_joined_club.svg":["../flutter_assets/images/svg/ic_joined_club.svg"],"../flutter_assets/images/svg/ic_kick_out.svg":["../flutter_assets/images/svg/ic_kick_out.svg"],"../flutter_assets/images/svg/ic_language.svg":["../flutter_assets/images/svg/ic_language.svg"],"../flutter_assets/images/svg/ic_live.svg":["../flutter_assets/images/svg/ic_live.svg"],"../flutter_assets/images/svg/ic_live_setting_title.svg":["../flutter_assets/images/svg/ic_live_setting_title.svg"],"../flutter_assets/images/svg/ic_location.svg":["../flutter_assets/images/svg/ic_location.svg"],"../flutter_assets/images/svg/ic_main_setting_menu.svg":["../flutter_assets/images/svg/ic_main_setting_menu.svg"],"../flutter_assets/images/svg/ic_match_video_play.svg":["../flutter_assets/images/svg/ic_match_video_play.svg"],"../flutter_assets/images/svg/ic_meidia_close.svg":["../flutter_assets/images/svg/ic_meidia_close.svg"],"../flutter_assets/images/svg/ic_mem_chat.svg":["../flutter_assets/images/svg/ic_mem_chat.svg"],"../flutter_assets/images/svg/ic_member.svg":["../flutter_assets/images/svg/ic_member.svg"],"../flutter_assets/images/svg/ic_member_active.svg":["../flutter_assets/images/svg/ic_member_active.svg"],"../flutter_assets/images/svg/ic_more.svg":["../flutter_assets/images/svg/ic_more.svg"],"../flutter_assets/images/svg/ic_more_hor.svg":["../flutter_assets/images/svg/ic_more_hor.svg"],"../flutter_assets/images/svg/ic_more_ver.svg":["../flutter_assets/images/svg/ic_more_ver.svg"],"../flutter_assets/images/svg/ic_more_ver_black.svg":["../flutter_assets/images/svg/ic_more_ver_black.svg"],"../flutter_assets/images/svg/ic_mute.svg":["../flutter_assets/images/svg/ic_mute.svg"],"../flutter_assets/images/svg/ic_personalhomepage.svg":["../flutter_assets/images/svg/ic_personalhomepage.svg"],"../flutter_assets/images/svg/ic_personalhomepage_overlay.svg":["../flutter_assets/images/svg/ic_personalhomepage_overlay.svg"],"../flutter_assets/images/svg/ic_play.svg":["../flutter_assets/images/svg/ic_play.svg"],"../flutter_assets/images/svg/ic_play_none.svg":["../flutter_assets/images/svg/ic_play_none.svg"],"../flutter_assets/images/svg/ic_pop_bg.svg":["../flutter_assets/images/svg/ic_pop_bg.svg"],"../flutter_assets/images/svg/ic_post.svg":["../flutter_assets/images/svg/ic_post.svg"],"../flutter_assets/images/svg/ic_quit_club.svg":["../flutter_assets/images/svg/ic_quit_club.svg"],"../flutter_assets/images/svg/ic_radar_arrow_left.svg":["../flutter_assets/images/svg/ic_radar_arrow_left.svg"],"../flutter_assets/images/svg/ic_radar_arrow_right.svg":["../flutter_assets/images/svg/ic_radar_arrow_right.svg"],"../flutter_assets/images/svg/ic_radar_arrow_right_gray.svg":["../flutter_assets/images/svg/ic_radar_arrow_right_gray.svg"],"../flutter_assets/images/svg/ic_radar_online_time.svg":["../flutter_assets/images/svg/ic_radar_online_time.svg"],"../flutter_assets/images/svg/ic_radar_text_enlarge.svg":["../flutter_assets/images/svg/ic_radar_text_enlarge.svg"],"../flutter_assets/images/svg/ic_remind.svg":["../flutter_assets/images/svg/ic_remind.svg"],"../flutter_assets/images/svg/ic_report.svg":["../flutter_assets/images/svg/ic_report.svg"],"../flutter_assets/images/svg/ic_report_club.svg":["../flutter_assets/images/svg/ic_report_club.svg"],"../flutter_assets/images/svg/ic_reward.svg":["../flutter_assets/images/svg/ic_reward.svg"],"../flutter_assets/images/svg/ic_sayhello.svg":["../flutter_assets/images/svg/ic_sayhello.svg"],"../flutter_assets/images/svg/ic_search.svg":["../flutter_assets/images/svg/ic_search.svg"],"../flutter_assets/images/svg/ic_search_nav.svg":["../flutter_assets/images/svg/ic_search_nav.svg"],"../flutter_assets/images/svg/ic_set_admin.svg":["../flutter_assets/images/svg/ic_set_admin.svg"],"../flutter_assets/images/svg/ic_setting.svg":["../flutter_assets/images/svg/ic_setting.svg"],"../flutter_assets/images/svg/ic_share.svg":["../flutter_assets/images/svg/ic_share.svg"],"../flutter_assets/images/svg/ic_share_big.svg":["../flutter_assets/images/svg/ic_share_big.svg"],"../flutter_assets/images/svg/ic_show_logo.svg":["../flutter_assets/images/svg/ic_show_logo.svg"],"../flutter_assets/images/svg/ic_speaker.svg":["../flutter_assets/images/svg/ic_speaker.svg"],"../flutter_assets/images/svg/ic_speaking.svg":["../flutter_assets/images/svg/ic_speaking.svg"],"../flutter_assets/images/svg/ic_start_game.svg":["../flutter_assets/images/svg/ic_start_game.svg"],"../flutter_assets/images/svg/ic_thumbup.svg":["../flutter_assets/images/svg/ic_thumbup.svg"],"../flutter_assets/images/svg/ic_thumbup_light.svg":["../flutter_assets/images/svg/ic_thumbup_light.svg"],"../flutter_assets/images/svg/ic_thumbup_on.svg":["../flutter_assets/images/svg/ic_thumbup_on.svg"],"../flutter_assets/images/svg/ic_toggle.svg":["../flutter_assets/images/svg/ic_toggle.svg"],"../flutter_assets/images/svg/ic_toggle_left.svg":["../flutter_assets/images/svg/ic_toggle_left.svg"],"../flutter_assets/images/svg/ic_toggle_left_ex.svg":["../flutter_assets/images/svg/ic_toggle_left_ex.svg"],"../flutter_assets/images/svg/ic_top.svg":["../flutter_assets/images/svg/ic_top.svg"],"../flutter_assets/images/svg/ic_topic.svg":["../flutter_assets/images/svg/ic_topic.svg"],"../flutter_assets/images/svg/ic_tournament.svg":["../flutter_assets/images/svg/ic_tournament.svg"],"../flutter_assets/images/svg/ic_upload.svg":["../flutter_assets/images/svg/ic_upload.svg"],"../flutter_assets/images/svg/ic_user_add.svg":["../flutter_assets/images/svg/ic_user_add.svg"],"../flutter_assets/images/svg/ic_user_cert.svg":["../flutter_assets/images/svg/ic_user_cert.svg"],"../flutter_assets/images/svg/ic_video.svg":["../flutter_assets/images/svg/ic_video.svg"],"../flutter_assets/images/svg/ic_video_mute.svg":["../flutter_assets/images/svg/ic_video_mute.svg"],"../flutter_assets/images/svg/ic_video_none.svg":["../flutter_assets/images/svg/ic_video_none.svg"],"../flutter_assets/images/svg/ic_video_unmute.svg":["../flutter_assets/images/svg/ic_video_unmute.svg"],"../flutter_assets/images/svg/ic_voice.svg":["../flutter_assets/images/svg/ic_voice.svg"],"../flutter_assets/images/svg/ic_voice_live.svg":["../flutter_assets/images/svg/ic_voice_live.svg"],"../flutter_assets/images/svg/ic_vote.svg":["../flutter_assets/images/svg/ic_vote.svg"],"../flutter_assets/images/svg/ic_vote_light.svg":["../flutter_assets/images/svg/ic_vote_light.svg"],"../flutter_assets/images/svg/ic_vs_logo.svg":["../flutter_assets/images/svg/ic_vs_logo.svg"],"../flutter_assets/images/svg/ic_watch_match.svg":["../flutter_assets/images/svg/ic_watch_match.svg"],"../flutter_assets/images/svg/ic_youtube_live.svg":["../flutter_assets/images/svg/ic_youtube_live.svg"],"../flutter_assets/images/svg/icon_leader.svg":["../flutter_assets/images/svg/icon_leader.svg"],"../flutter_assets/images/svg/icon_member.svg":["../flutter_assets/images/svg/icon_member.svg"],"../flutter_assets/images/svg/link_add.svg":["../flutter_assets/images/svg/link_add.svg"],"../flutter_assets/images/svg/loc_check.svg":["../flutter_assets/images/svg/loc_check.svg"],"../flutter_assets/images/svg/loc_exchange.svg":["../flutter_assets/images/svg/loc_exchange.svg"],"../flutter_assets/images/svg/loc_uncheck.svg":["../flutter_assets/images/svg/loc_uncheck.svg"],"../flutter_assets/images/svg/reco_club_list_bg.svg":["../flutter_assets/images/svg/reco_club_list_bg.svg"],"../flutter_assets/images/svg/voice_entry_bg.svg":["../flutter_assets/images/svg/voice_entry_bg.svg"],"../flutter_assets/images/svg/voice_entry_on.svg":["../flutter_assets/images/svg/voice_entry_on.svg"],"../flutter_assets/images/svg/voice_sign_bg.svg":["../flutter_assets/images/svg/voice_sign_bg.svg"],"../flutter_assets/images/svg/voice_sign_refresh.svg":["../flutter_assets/images/svg/voice_sign_refresh.svg"],"../flutter_assets/io.flutter.shaders.json":["../flutter_assets/io.flutter.shaders.json"],"../flutter_assets/l10n/intl_ar.arb":["../flutter_assets/l10n/intl_ar.arb"],"../flutter_assets/l10n/intl_id.arb":["../flutter_assets/l10n/intl_id.arb"],"../flutter_assets/l10n/intl_ms.arb":["../flutter_assets/l10n/intl_ms.arb"],"../flutter_assets/l10n/intl_ru.arb":["../flutter_assets/l10n/intl_ru.arb"],"../flutter_assets/l10n/intl_th.arb":["../flutter_assets/l10n/intl_th.arb"],"../flutter_assets/l10n/intl_tr.arb":["../flutter_assets/l10n/intl_tr.arb"],"../flutter_assets/l10n/intl_zh.arb":["../flutter_assets/l10n/intl_zh.arb"],"fonts/AgencyFB-Bold.ttf":["fonts/AgencyFB-Bold.ttf"],"packages/biz_activity/images/svg/ic_share.svg":["packages/biz_activity/images/svg/ic_share.svg"],"packages/biz_activity/images/svg/ic_switch_live_link.svg":["packages/biz_activity/images/svg/ic_switch_live_link.svg"],"packages/biz_activity/images/svg/ic_tournament_flag.svg":["packages/biz_activity/images/svg/ic_tournament_flag.svg"],"packages/biz_chat/anim/like_high.json":["packages/biz_chat/anim/like_high.json"],"packages/biz_chat/anim/like_low.json":["packages/biz_chat/anim/like_low.json"],"packages/biz_chat/anim/like_middle.json":["packages/biz_chat/anim/like_middle.json"],"packages/biz_chat/images/svg/chat_like.svg":["packages/biz_chat/images/svg/chat_like.svg"],"packages/biz_creator_tool/images/svg/ic_setting.svg":["packages/biz_creator_tool/images/svg/ic_setting.svg"],"packages/biz_creator_tool/images/svg/ic_setting_chat.svg":["packages/biz_creator_tool/images/svg/ic_setting_chat.svg"],"packages/biz_creator_tool/images/svg/ic_setting_display.svg":["packages/biz_creator_tool/images/svg/ic_setting_display.svg"],"packages/biz_creator_tool/images/svg/ic_setting_on.svg":["packages/biz_creator_tool/images/svg/ic_setting_on.svg"],"packages/biz_creator_tool/images/svg/ic_setting_spectators_join_team.svg":["packages/biz_creator_tool/images/svg/ic_setting_spectators_join_team.svg"],"packages/biz_creator_tool/images/svg/ic_setting_team.svg":["packages/biz_creator_tool/images/svg/ic_setting_team.svg"],"packages/biz_live/images/normal/live_team_bg.webp":["packages/biz_live/images/normal/live_team_bg.webp"],"packages/biz_live/images/svg/barrage_close.svg":["packages/biz_live/images/svg/barrage_close.svg"],"packages/biz_live/images/svg/ic_live_entry.svg":["packages/biz_live/images/svg/ic_live_entry.svg"],"packages/biz_live/images/svg/video_scale.svg":["packages/biz_live/images/svg/video_scale.svg"],"packages/biz_portrait_screen/images/normal/orientation_ex.webp":["packages/biz_portrait_screen/images/normal/orientation_ex.webp"],"packages/biz_portrait_screen/images/normal/rotate_menu_bg.webp":["packages/biz_portrait_screen/images/normal/rotate_menu_bg.webp"],"packages/common_util/images/normal/picker_selected_overlay.webp":["packages/common_util/images/normal/picker_selected_overlay.webp"],"packages/common_util/images/svg/ic_calendar.svg":["packages/common_util/images/svg/ic_calendar.svg"],"packages/cupertino_icons/assets/CupertinoIcons.ttf":["packages/cupertino_icons/assets/CupertinoIcons.ttf"],"packages/flutter_inappwebview/t_rex_runner/t-rex.css":["packages/flutter_inappwebview/t_rex_runner/t-rex.css"],"packages/flutter_inappwebview/t_rex_runner/t-rex.html":["packages/flutter_inappwebview/t_rex_runner/t-rex.html"],"packages/fluttertoast/assets/toastify.css":["packages/fluttertoast/assets/toastify.css"],"packages/fluttertoast/assets/toastify.js":["packages/fluttertoast/assets/toastify.js"],"packages/media_picker/images/svg/mp_item_selected.svg":["packages/media_picker/images/svg/mp_item_selected.svg"],"packages/net_engine/cert/server.pem":["packages/net_engine/cert/server.pem"]}